loginId,password
nftest1000@proechoes.com,Pass@123
nftest1001@proechoes.com,Pass@123
nftest1002@proechoes.com,Pass@123
nftest1003@proechoes.com,Pass@123
nftest1004@proechoes.com,Pass@123
nftest1005@proechoes.com,Pass@123
nftest1006@proechoes.com,Pass@123
nftest1007@proechoes.com,Pass@123
nftest1008@proechoes.com,Pass@123
nftest1009@proechoes.com,Pass@123
nftest1010@proechoes.com,Pass@123
nftest1011@proechoes.com,Pass@123
nftest1012@proechoes.com,Pass@123
nftest1013@proechoes.com,Pass@123
nftest1014@proechoes.com,Pass@123
nftest1015@proechoes.com,Pass@123
nftest1016@proechoes.com,Pass@123
nftest1017@proechoes.com,Pass@123
nftest1018@proechoes.com,Pass@123
nftest1019@proechoes.com,Pass@123
nftest1020@proechoes.com,Pass@123
nftest1021@proechoes.com,Pass@123
nftest1022@proechoes.com,Pass@123
nftest1023@proechoes.com,Pass@123
nftest1024@proechoes.com,Pass@123
nftest1025@proechoes.com,Pass@123
nftest1026@proechoes.com,Pass@123
nftest1027@proechoes.com,Pass@123
nftest1028@proechoes.com,Pass@123
nftest1029@proechoes.com,Pass@123
nftest1030@proechoes.com,Pass@123
nftest1031@proechoes.com,Pass@123
nftest1032@proechoes.com,Pass@123
nftest1033@proechoes.com,Pass@123
nftest1034@proechoes.com,Pass@123
nftest1035@proechoes.com,Pass@123
nftest1036@proechoes.com,Pass@123
nftest1037@proechoes.com,Pass@123
nftest1038@proechoes.com,Pass@123
nftest1039@proechoes.com,Pass@123
nftest1040@proechoes.com,Pass@123
nftest1041@proechoes.com,Pass@123
nftest1042@proechoes.com,Pass@123
nftest1043@proechoes.com,Pass@123
nftest1044@proechoes.com,Pass@123
nftest1045@proechoes.com,Pass@123
nftest1046@proechoes.com,Pass@123
nftest1047@proechoes.com,Pass@123
nftest1048@proechoes.com,Pass@123
nftest1049@proechoes.com,Pass@123
nftest1050@proechoes.com,Pass@123
nftest1051@proechoes.com,Pass@123
nftest1052@proechoes.com,Pass@123
nftest1053@proechoes.com,Pass@123
nftest1054@proechoes.com,Pass@123
nftest1055@proechoes.com,Pass@123
nftest1056@proechoes.com,Pass@123
nftest1057@proechoes.com,Pass@123
nftest1058@proechoes.com,Pass@123
nftest1059@proechoes.com,Pass@123
nftest1060@proechoes.com,Pass@123
nftest1061@proechoes.com,Pass@123
nftest1062@proechoes.com,Pass@123
nftest1063@proechoes.com,Pass@123
nftest1064@proechoes.com,Pass@123
nftest1065@proechoes.com,Pass@123
nftest1066@proechoes.com,Pass@123
nftest1067@proechoes.com,Pass@123
nftest1068@proechoes.com,Pass@123
nftest1069@proechoes.com,Pass@123
nftest1070@proechoes.com,Pass@123
nftest1071@proechoes.com,Pass@123
nftest1072@proechoes.com,Pass@123
nftest1073@proechoes.com,Pass@123
nftest1074@proechoes.com,Pass@123
nftest1075@proechoes.com,Pass@123
nftest1076@proechoes.com,Pass@123
nftest1077@proechoes.com,Pass@123
nftest1078@proechoes.com,Pass@123
nftest1079@proechoes.com,Pass@123
nftest1080@proechoes.com,Pass@123
nftest1081@proechoes.com,Pass@123
nftest1082@proechoes.com,Pass@123
nftest1083@proechoes.com,Pass@123
nftest1084@proechoes.com,Pass@123
nftest1085@proechoes.com,Pass@123
nftest1086@proechoes.com,Pass@123
nftest1087@proechoes.com,Pass@123
nftest1088@proechoes.com,Pass@123
nftest1089@proechoes.com,Pass@123
nftest1090@proechoes.com,Pass@123
nftest1091@proechoes.com,Pass@123
nftest1092@proechoes.com,Pass@123
nftest1093@proechoes.com,Pass@123
nftest1094@proechoes.com,Pass@123
nftest1095@proechoes.com,Pass@123
nftest1096@proechoes.com,Pass@123
nftest1097@proechoes.com,Pass@123
nftest1098@proechoes.com,Pass@123
nftest1099@proechoes.com,Pass@123
nftest1100@proechoes.com,Pass@123
nftest1101@proechoes.com,Pass@123
nftest1102@proechoes.com,Pass@123
nftest1103@proechoes.com,Pass@123
nftest1104@proechoes.com,Pass@123
nftest1105@proechoes.com,Pass@123
nftest1106@proechoes.com,Pass@123
nftest1107@proechoes.com,Pass@123
nftest1108@proechoes.com,Pass@123
nftest1109@proechoes.com,Pass@123
nftest1110@proechoes.com,Pass@123
nftest1111@proechoes.com,Pass@123
nftest1112@proechoes.com,Pass@123
nftest1113@proechoes.com,Pass@123
nftest1114@proechoes.com,Pass@123
nftest1115@proechoes.com,Pass@123
nftest1116@proechoes.com,Pass@123
nftest1117@proechoes.com,Pass@123
nftest1118@proechoes.com,Pass@123
nftest1119@proechoes.com,Pass@123
nftest1120@proechoes.com,Pass@123
nftest1121@proechoes.com,Pass@123
nftest1122@proechoes.com,Pass@123
nftest1123@proechoes.com,Pass@123
nftest1124@proechoes.com,Pass@123
nftest1125@proechoes.com,Pass@123
nftest1126@proechoes.com,Pass@123
nftest1127@proechoes.com,Pass@123
nftest1128@proechoes.com,Pass@123
nftest1129@proechoes.com,Pass@123
nftest1130@proechoes.com,Pass@123
nftest1131@proechoes.com,Pass@123
nftest1132@proechoes.com,Pass@123
nftest1133@proechoes.com,Pass@123
nftest1134@proechoes.com,Pass@123
nftest1135@proechoes.com,Pass@123
nftest1136@proechoes.com,Pass@123
nftest1137@proechoes.com,Pass@123
nftest1138@proechoes.com,Pass@123
nftest1139@proechoes.com,Pass@123
nftest1140@proechoes.com,Pass@123
nftest1141@proechoes.com,Pass@123
nftest1142@proechoes.com,Pass@123
nftest1143@proechoes.com,Pass@123
nftest1144@proechoes.com,Pass@123
nftest1145@proechoes.com,Pass@123
nftest1146@proechoes.com,Pass@123
nftest1147@proechoes.com,Pass@123
nftest1148@proechoes.com,Pass@123
nftest1149@proechoes.com,Pass@123
nftest1150@proechoes.com,Pass@123
nftest1151@proechoes.com,Pass@123
nftest1152@proechoes.com,Pass@123
nftest1153@proechoes.com,Pass@123
nftest1154@proechoes.com,Pass@123
nftest1155@proechoes.com,Pass@123
nftest1156@proechoes.com,Pass@123
nftest1157@proechoes.com,Pass@123
nftest1158@proechoes.com,Pass@123
nftest1159@proechoes.com,Pass@123
nftest1160@proechoes.com,Pass@123
nftest1161@proechoes.com,Pass@123
nftest1162@proechoes.com,Pass@123
nftest1163@proechoes.com,Pass@123
nftest1164@proechoes.com,Pass@123
nftest1165@proechoes.com,Pass@123
nftest1166@proechoes.com,Pass@123
nftest1167@proechoes.com,Pass@123
nftest1168@proechoes.com,Pass@123
nftest1169@proechoes.com,Pass@123
nftest1170@proechoes.com,Pass@123
nftest1171@proechoes.com,Pass@123
nftest1172@proechoes.com,Pass@123
nftest1173@proechoes.com,Pass@123
nftest1174@proechoes.com,Pass@123
nftest1175@proechoes.com,Pass@123
nftest1176@proechoes.com,Pass@123
nftest1177@proechoes.com,Pass@123
nftest1178@proechoes.com,Pass@123
nftest1179@proechoes.com,Pass@123
nftest1180@proechoes.com,Pass@123
nftest1181@proechoes.com,Pass@123
nftest1182@proechoes.com,Pass@123
nftest1183@proechoes.com,Pass@123
nftest1184@proechoes.com,Pass@123
nftest1185@proechoes.com,Pass@123
nftest1186@proechoes.com,Pass@123
nftest1187@proechoes.com,Pass@123
nftest1188@proechoes.com,Pass@123
nftest1189@proechoes.com,Pass@123
nftest1190@proechoes.com,Pass@123
nftest1191@proechoes.com,Pass@123
nftest1192@proechoes.com,Pass@123
nftest1193@proechoes.com,Pass@123
nftest1194@proechoes.com,Pass@123
nftest1195@proechoes.com,Pass@123
nftest1196@proechoes.com,Pass@123
nftest1197@proechoes.com,Pass@123
nftest1198@proechoes.com,Pass@123
nftest1199@proechoes.com,Pass@123
nftest1200@proechoes.com,Pass@123
nftest1201@proechoes.com,Pass@123
nftest1202@proechoes.com,Pass@123
nftest1203@proechoes.com,Pass@123
nftest1204@proechoes.com,Pass@123
nftest1205@proechoes.com,Pass@123
nftest1206@proechoes.com,Pass@123
nftest1207@proechoes.com,Pass@123
nftest1208@proechoes.com,Pass@123
nftest1209@proechoes.com,Pass@123
nftest1210@proechoes.com,Pass@123
nftest1211@proechoes.com,Pass@123
nftest1212@proechoes.com,Pass@123
nftest1213@proechoes.com,Pass@123
nftest1214@proechoes.com,Pass@123
nftest1215@proechoes.com,Pass@123
nftest1216@proechoes.com,Pass@123
nftest1217@proechoes.com,Pass@123
nftest1218@proechoes.com,Pass@123
nftest1219@proechoes.com,Pass@123
nftest1220@proechoes.com,Pass@123
nftest1221@proechoes.com,Pass@123
nftest1222@proechoes.com,Pass@123
nftest1223@proechoes.com,Pass@123
nftest1224@proechoes.com,Pass@123
nftest1225@proechoes.com,Pass@123
nftest1226@proechoes.com,Pass@123
nftest1227@proechoes.com,Pass@123
nftest1228@proechoes.com,Pass@123
nftest1229@proechoes.com,Pass@123
nftest1230@proechoes.com,Pass@123
nftest1231@proechoes.com,Pass@123
nftest1232@proechoes.com,Pass@123
nftest1233@proechoes.com,Pass@123
nftest1234@proechoes.com,Pass@123
nftest1235@proechoes.com,Pass@123
nftest1236@proechoes.com,Pass@123
nftest1237@proechoes.com,Pass@123
nftest1238@proechoes.com,Pass@123
nftest1239@proechoes.com,Pass@123
nftest1240@proechoes.com,Pass@123
nftest1241@proechoes.com,Pass@123
nftest1242@proechoes.com,Pass@123
nftest1243@proechoes.com,Pass@123
nftest1244@proechoes.com,Pass@123
nftest1245@proechoes.com,Pass@123
nftest1246@proechoes.com,Pass@123
nftest1247@proechoes.com,Pass@123
nftest1248@proechoes.com,Pass@123
nftest1249@proechoes.com,Pass@123
nftest1250@proechoes.com,Pass@123
nftest1251@proechoes.com,Pass@123
nftest1252@proechoes.com,Pass@123
nftest1253@proechoes.com,Pass@123
nftest1254@proechoes.com,Pass@123
nftest1255@proechoes.com,Pass@123
nftest1256@proechoes.com,Pass@123
nftest1257@proechoes.com,Pass@123
nftest1258@proechoes.com,Pass@123
nftest1259@proechoes.com,Pass@123
nftest1260@proechoes.com,Pass@123
nftest1261@proechoes.com,Pass@123
nftest1262@proechoes.com,Pass@123
nftest1263@proechoes.com,Pass@123
nftest1264@proechoes.com,Pass@123
nftest1265@proechoes.com,Pass@123
nftest1266@proechoes.com,Pass@123
nftest1267@proechoes.com,Pass@123
nftest1268@proechoes.com,Pass@123
nftest1269@proechoes.com,Pass@123
nftest1270@proechoes.com,Pass@123
nftest1271@proechoes.com,Pass@123
nftest1272@proechoes.com,Pass@123
nftest1273@proechoes.com,Pass@123
nftest1274@proechoes.com,Pass@123
nftest1275@proechoes.com,Pass@123
nftest1276@proechoes.com,Pass@123
nftest1277@proechoes.com,Pass@123
nftest1278@proechoes.com,Pass@123
nftest1279@proechoes.com,Pass@123
nftest1280@proechoes.com,Pass@123
nftest1281@proechoes.com,Pass@123
nftest1282@proechoes.com,Pass@123
nftest1283@proechoes.com,Pass@123
nftest1284@proechoes.com,Pass@123
nftest1285@proechoes.com,Pass@123
nftest1286@proechoes.com,Pass@123
nftest1287@proechoes.com,Pass@123
nftest1288@proechoes.com,Pass@123
nftest1289@proechoes.com,Pass@123
nftest1290@proechoes.com,Pass@123
nftest1291@proechoes.com,Pass@123
nftest1292@proechoes.com,Pass@123
nftest1293@proechoes.com,Pass@123
nftest1294@proechoes.com,Pass@123
nftest1295@proechoes.com,Pass@123
nftest1296@proechoes.com,Pass@123
nftest1297@proechoes.com,Pass@123
nftest1298@proechoes.com,Pass@123
nftest1299@proechoes.com,Pass@123
nftest1300@proechoes.com,Pass@123
nftest1301@proechoes.com,Pass@123
nftest1302@proechoes.com,Pass@123
nftest1303@proechoes.com,Pass@123
nftest1304@proechoes.com,Pass@123
nftest1305@proechoes.com,Pass@123
nftest1306@proechoes.com,Pass@123
nftest1307@proechoes.com,Pass@123
nftest1308@proechoes.com,Pass@123
nftest1309@proechoes.com,Pass@123
nftest1310@proechoes.com,Pass@123
nftest1311@proechoes.com,Pass@123
nftest1312@proechoes.com,Pass@123
nftest1313@proechoes.com,Pass@123
nftest1314@proechoes.com,Pass@123
nftest1315@proechoes.com,Pass@123
nftest1316@proechoes.com,Pass@123
nftest1317@proechoes.com,Pass@123
nftest1318@proechoes.com,Pass@123
nftest1319@proechoes.com,Pass@123
nftest1320@proechoes.com,Pass@123
nftest1321@proechoes.com,Pass@123
nftest1322@proechoes.com,Pass@123
nftest1323@proechoes.com,Pass@123
nftest1324@proechoes.com,Pass@123
nftest1325@proechoes.com,Pass@123
nftest1326@proechoes.com,Pass@123
nftest1327@proechoes.com,Pass@123
nftest1328@proechoes.com,Pass@123
nftest1329@proechoes.com,Pass@123
nftest1330@proechoes.com,Pass@123
nftest1331@proechoes.com,Pass@123
nftest1332@proechoes.com,Pass@123
nftest1333@proechoes.com,Pass@123
nftest1334@proechoes.com,Pass@123
nftest1335@proechoes.com,Pass@123
nftest1336@proechoes.com,Pass@123
nftest1337@proechoes.com,Pass@123
nftest1338@proechoes.com,Pass@123
nftest1339@proechoes.com,Pass@123
nftest1340@proechoes.com,Pass@123
nftest1341@proechoes.com,Pass@123
nftest1342@proechoes.com,Pass@123
nftest1343@proechoes.com,Pass@123
nftest1344@proechoes.com,Pass@123
nftest1345@proechoes.com,Pass@123
nftest1346@proechoes.com,Pass@123
nftest1347@proechoes.com,Pass@123
nftest1348@proechoes.com,Pass@123
nftest1349@proechoes.com,Pass@123
nftest1350@proechoes.com,Pass@123
nftest1351@proechoes.com,Pass@123
nftest1352@proechoes.com,Pass@123
nftest1353@proechoes.com,Pass@123
nftest1354@proechoes.com,Pass@123
nftest1355@proechoes.com,Pass@123
nftest1356@proechoes.com,Pass@123
nftest1357@proechoes.com,Pass@123
nftest1358@proechoes.com,Pass@123
nftest1359@proechoes.com,Pass@123
nftest1360@proechoes.com,Pass@123
nftest1361@proechoes.com,Pass@123
nftest1362@proechoes.com,Pass@123
nftest1363@proechoes.com,Pass@123
nftest1364@proechoes.com,Pass@123
nftest1365@proechoes.com,Pass@123
nftest1366@proechoes.com,Pass@123
nftest1367@proechoes.com,Pass@123
nftest1368@proechoes.com,Pass@123
nftest1369@proechoes.com,Pass@123
nftest1370@proechoes.com,Pass@123
nftest1371@proechoes.com,Pass@123
nftest1372@proechoes.com,Pass@123
nftest1373@proechoes.com,Pass@123
nftest1374@proechoes.com,Pass@123
nftest1375@proechoes.com,Pass@123
nftest1376@proechoes.com,Pass@123
nftest1377@proechoes.com,Pass@123
nftest1378@proechoes.com,Pass@123
nftest1379@proechoes.com,Pass@123
nftest1380@proechoes.com,Pass@123
nftest1381@proechoes.com,Pass@123
nftest1382@proechoes.com,Pass@123
nftest1383@proechoes.com,Pass@123
nftest1384@proechoes.com,Pass@123
nftest1385@proechoes.com,Pass@123
nftest1386@proechoes.com,Pass@123
nftest1387@proechoes.com,Pass@123
nftest1388@proechoes.com,Pass@123
nftest1389@proechoes.com,Pass@123
nftest1390@proechoes.com,Pass@123
nftest1391@proechoes.com,Pass@123
nftest1392@proechoes.com,Pass@123
nftest1393@proechoes.com,Pass@123
nftest1394@proechoes.com,Pass@123
nftest1395@proechoes.com,Pass@123
nftest1396@proechoes.com,Pass@123
nftest1397@proechoes.com,Pass@123
nftest1398@proechoes.com,Pass@123
nftest1399@proechoes.com,Pass@123
nftest1400@proechoes.com,Pass@123
nftest1401@proechoes.com,Pass@123
nftest1402@proechoes.com,Pass@123
nftest1403@proechoes.com,Pass@123
nftest1404@proechoes.com,Pass@123
nftest1405@proechoes.com,Pass@123
nftest1406@proechoes.com,Pass@123
nftest1407@proechoes.com,Pass@123
nftest1408@proechoes.com,Pass@123
nftest1409@proechoes.com,Pass@123
nftest1410@proechoes.com,Pass@123
nftest1411@proechoes.com,Pass@123
nftest1412@proechoes.com,Pass@123
nftest1413@proechoes.com,Pass@123
nftest1414@proechoes.com,Pass@123
nftest1415@proechoes.com,Pass@123
nftest1416@proechoes.com,Pass@123
nftest1417@proechoes.com,Pass@123
nftest1418@proechoes.com,Pass@123
nftest1419@proechoes.com,Pass@123
nftest1420@proechoes.com,Pass@123
nftest1421@proechoes.com,Pass@123
nftest1422@proechoes.com,Pass@123
nftest1423@proechoes.com,Pass@123
nftest1424@proechoes.com,Pass@123
nftest1425@proechoes.com,Pass@123
nftest1426@proechoes.com,Pass@123
nftest1427@proechoes.com,Pass@123
nftest1428@proechoes.com,Pass@123
nftest1429@proechoes.com,Pass@123
nftest1430@proechoes.com,Pass@123
nftest1431@proechoes.com,Pass@123
nftest1432@proechoes.com,Pass@123
nftest1433@proechoes.com,Pass@123
nftest1434@proechoes.com,Pass@123
nftest1435@proechoes.com,Pass@123
nftest1436@proechoes.com,Pass@123
nftest1437@proechoes.com,Pass@123
nftest1438@proechoes.com,Pass@123
nftest1439@proechoes.com,Pass@123
nftest1440@proechoes.com,Pass@123
nftest1441@proechoes.com,Pass@123
nftest1442@proechoes.com,Pass@123
nftest1443@proechoes.com,Pass@123
nftest1444@proechoes.com,Pass@123
nftest1445@proechoes.com,Pass@123
nftest1446@proechoes.com,Pass@123
nftest1447@proechoes.com,Pass@123
nftest1448@proechoes.com,Pass@123
nftest1449@proechoes.com,Pass@123
nftest1450@proechoes.com,Pass@123
nftest1451@proechoes.com,Pass@123
nftest1452@proechoes.com,Pass@123
nftest1453@proechoes.com,Pass@123
nftest1454@proechoes.com,Pass@123
nftest1455@proechoes.com,Pass@123
nftest1456@proechoes.com,Pass@123
nftest1457@proechoes.com,Pass@123
nftest1458@proechoes.com,Pass@123
nftest1459@proechoes.com,Pass@123
nftest1460@proechoes.com,Pass@123
nftest1461@proechoes.com,Pass@123
nftest1462@proechoes.com,Pass@123
nftest1463@proechoes.com,Pass@123
nftest1464@proechoes.com,Pass@123
nftest1465@proechoes.com,Pass@123
nftest1466@proechoes.com,Pass@123
nftest1467@proechoes.com,Pass@123
nftest1468@proechoes.com,Pass@123
nftest1469@proechoes.com,Pass@123
nftest1470@proechoes.com,Pass@123
nftest1471@proechoes.com,Pass@123
nftest1472@proechoes.com,Pass@123
nftest1473@proechoes.com,Pass@123
nftest1474@proechoes.com,Pass@123
nftest1475@proechoes.com,Pass@123
nftest1476@proechoes.com,Pass@123
nftest1477@proechoes.com,Pass@123
nftest1478@proechoes.com,Pass@123
nftest1479@proechoes.com,Pass@123
nftest1480@proechoes.com,Pass@123
nftest1481@proechoes.com,Pass@123
nftest1482@proechoes.com,Pass@123
nftest1483@proechoes.com,Pass@123
nftest1484@proechoes.com,Pass@123
nftest1485@proechoes.com,Pass@123
nftest1486@proechoes.com,Pass@123
nftest1487@proechoes.com,Pass@123
nftest1488@proechoes.com,Pass@123
nftest1489@proechoes.com,Pass@123
nftest1490@proechoes.com,Pass@123
nftest1491@proechoes.com,Pass@123
nftest1492@proechoes.com,Pass@123
nftest1493@proechoes.com,Pass@123
nftest1494@proechoes.com,Pass@123
nftest1495@proechoes.com,Pass@123
nftest1496@proechoes.com,Pass@123
nftest1497@proechoes.com,Pass@123
nftest1498@proechoes.com,Pass@123
nftest1499@proechoes.com,Pass@123
nftest1500@proechoes.com,Pass@123
nftest1501@proechoes.com,Pass@123
nftest1502@proechoes.com,Pass@123
nftest1503@proechoes.com,Pass@123
nftest1504@proechoes.com,Pass@123
nftest1505@proechoes.com,Pass@123
nftest1506@proechoes.com,Pass@123
nftest1507@proechoes.com,Pass@123
nftest1508@proechoes.com,Pass@123
nftest1509@proechoes.com,Pass@123
nftest1510@proechoes.com,Pass@123
nftest1511@proechoes.com,Pass@123
nftest1512@proechoes.com,Pass@123
nftest1513@proechoes.com,Pass@123
nftest1514@proechoes.com,Pass@123
nftest1515@proechoes.com,Pass@123
nftest1516@proechoes.com,Pass@123
nftest1517@proechoes.com,Pass@123
nftest1518@proechoes.com,Pass@123
nftest1519@proechoes.com,Pass@123
nftest1520@proechoes.com,Pass@123
nftest1521@proechoes.com,Pass@123
nftest1522@proechoes.com,Pass@123
nftest1523@proechoes.com,Pass@123
nftest1524@proechoes.com,Pass@123
nftest1525@proechoes.com,Pass@123
nftest1526@proechoes.com,Pass@123
nftest1527@proechoes.com,Pass@123
nftest1528@proechoes.com,Pass@123
nftest1529@proechoes.com,Pass@123
nftest1530@proechoes.com,Pass@123
nftest1531@proechoes.com,Pass@123
nftest1532@proechoes.com,Pass@123
nftest1533@proechoes.com,Pass@123
nftest1534@proechoes.com,Pass@123
nftest1535@proechoes.com,Pass@123
nftest1536@proechoes.com,Pass@123
nftest1537@proechoes.com,Pass@123
nftest1538@proechoes.com,Pass@123
nftest1539@proechoes.com,Pass@123
nftest1540@proechoes.com,Pass@123
nftest1541@proechoes.com,Pass@123
nftest1542@proechoes.com,Pass@123
nftest1543@proechoes.com,Pass@123
nftest1544@proechoes.com,Pass@123
nftest1545@proechoes.com,Pass@123
nftest1546@proechoes.com,Pass@123
nftest1547@proechoes.com,Pass@123
nftest1548@proechoes.com,Pass@123
nftest1549@proechoes.com,Pass@123
nftest1550@proechoes.com,Pass@123
nftest1551@proechoes.com,Pass@123
nftest1552@proechoes.com,Pass@123
nftest1553@proechoes.com,Pass@123
nftest1554@proechoes.com,Pass@123
nftest1555@proechoes.com,Pass@123
nftest1556@proechoes.com,Pass@123
nftest1557@proechoes.com,Pass@123
nftest1558@proechoes.com,Pass@123
nftest1559@proechoes.com,Pass@123
nftest1560@proechoes.com,Pass@123
nftest1561@proechoes.com,Pass@123
nftest1562@proechoes.com,Pass@123
nftest1563@proechoes.com,Pass@123
nftest1564@proechoes.com,Pass@123
nftest1565@proechoes.com,Pass@123
nftest1566@proechoes.com,Pass@123
nftest1567@proechoes.com,Pass@123
nftest1568@proechoes.com,Pass@123
nftest1569@proechoes.com,Pass@123
nftest1570@proechoes.com,Pass@123
nftest1571@proechoes.com,Pass@123
nftest1572@proechoes.com,Pass@123
nftest1573@proechoes.com,Pass@123
nftest1574@proechoes.com,Pass@123
nftest1575@proechoes.com,Pass@123
nftest1576@proechoes.com,Pass@123
nftest1577@proechoes.com,Pass@123
nftest1578@proechoes.com,Pass@123
nftest1579@proechoes.com,Pass@123
nftest1580@proechoes.com,Pass@123
nftest1581@proechoes.com,Pass@123
nftest1582@proechoes.com,Pass@123
nftest1583@proechoes.com,Pass@123
nftest1584@proechoes.com,Pass@123
nftest1585@proechoes.com,Pass@123
nftest1586@proechoes.com,Pass@123
nftest1587@proechoes.com,Pass@123
nftest1588@proechoes.com,Pass@123
nftest1589@proechoes.com,Pass@123
nftest1590@proechoes.com,Pass@123
nftest1591@proechoes.com,Pass@123
nftest1592@proechoes.com,Pass@123
nftest1593@proechoes.com,Pass@123
nftest1594@proechoes.com,Pass@123
nftest1595@proechoes.com,Pass@123
nftest1596@proechoes.com,Pass@123
nftest1597@proechoes.com,Pass@123
nftest1598@proechoes.com,Pass@123
nftest1599@proechoes.com,Pass@123
nftest1600@proechoes.com,Pass@123
nftest1601@proechoes.com,Pass@123
nftest1602@proechoes.com,Pass@123
nftest1603@proechoes.com,Pass@123
nftest1604@proechoes.com,Pass@123
nftest1605@proechoes.com,Pass@123
nftest1606@proechoes.com,Pass@123
nftest1607@proechoes.com,Pass@123
nftest1608@proechoes.com,Pass@123
nftest1609@proechoes.com,Pass@123
nftest1610@proechoes.com,Pass@123
nftest1611@proechoes.com,Pass@123
nftest1612@proechoes.com,Pass@123
nftest1613@proechoes.com,Pass@123
nftest1614@proechoes.com,Pass@123
nftest1615@proechoes.com,Pass@123
nftest1616@proechoes.com,Pass@123
nftest1617@proechoes.com,Pass@123
nftest1618@proechoes.com,Pass@123
nftest1619@proechoes.com,Pass@123
nftest1620@proechoes.com,Pass@123
nftest1621@proechoes.com,Pass@123
nftest1622@proechoes.com,Pass@123
nftest1623@proechoes.com,Pass@123
nftest1624@proechoes.com,Pass@123
nftest1625@proechoes.com,Pass@123
nftest1626@proechoes.com,Pass@123
nftest1627@proechoes.com,Pass@123
nftest1628@proechoes.com,Pass@123
nftest1629@proechoes.com,Pass@123
nftest1630@proechoes.com,Pass@123
nftest1631@proechoes.com,Pass@123
nftest1632@proechoes.com,Pass@123
nftest1633@proechoes.com,Pass@123
nftest1634@proechoes.com,Pass@123
nftest1635@proechoes.com,Pass@123
nftest1636@proechoes.com,Pass@123
nftest1637@proechoes.com,Pass@123
nftest1638@proechoes.com,Pass@123
nftest1639@proechoes.com,Pass@123
nftest1640@proechoes.com,Pass@123
nftest1641@proechoes.com,Pass@123
nftest1642@proechoes.com,Pass@123
nftest1643@proechoes.com,Pass@123
nftest1644@proechoes.com,Pass@123
nftest1645@proechoes.com,Pass@123
nftest1646@proechoes.com,Pass@123
nftest1647@proechoes.com,Pass@123
nftest1648@proechoes.com,Pass@123
nftest1649@proechoes.com,Pass@123
nftest1650@proechoes.com,Pass@123
nftest1651@proechoes.com,Pass@123
nftest1652@proechoes.com,Pass@123
nftest1653@proechoes.com,Pass@123
nftest1654@proechoes.com,Pass@123
nftest1655@proechoes.com,Pass@123
nftest1656@proechoes.com,Pass@123
nftest1657@proechoes.com,Pass@123
nftest1658@proechoes.com,Pass@123
nftest1659@proechoes.com,Pass@123
nftest1660@proechoes.com,Pass@123
nftest1661@proechoes.com,Pass@123
nftest1662@proechoes.com,Pass@123
nftest1663@proechoes.com,Pass@123
nftest1664@proechoes.com,Pass@123
nftest1665@proechoes.com,Pass@123
nftest1666@proechoes.com,Pass@123
nftest1667@proechoes.com,Pass@123
nftest1668@proechoes.com,Pass@123
nftest1669@proechoes.com,Pass@123
nftest1670@proechoes.com,Pass@123
nftest1671@proechoes.com,Pass@123
nftest1672@proechoes.com,Pass@123
nftest1673@proechoes.com,Pass@123
nftest1674@proechoes.com,Pass@123
nftest1675@proechoes.com,Pass@123
nftest1676@proechoes.com,Pass@123
nftest1677@proechoes.com,Pass@123
nftest1678@proechoes.com,Pass@123
nftest1679@proechoes.com,Pass@123
nftest1680@proechoes.com,Pass@123
nftest1681@proechoes.com,Pass@123
nftest1682@proechoes.com,Pass@123
nftest1683@proechoes.com,Pass@123
nftest1684@proechoes.com,Pass@123
nftest1685@proechoes.com,Pass@123
nftest1686@proechoes.com,Pass@123
nftest1687@proechoes.com,Pass@123
nftest1688@proechoes.com,Pass@123
nftest1689@proechoes.com,Pass@123
nftest1690@proechoes.com,Pass@123
nftest1691@proechoes.com,Pass@123
nftest1692@proechoes.com,Pass@123
nftest1693@proechoes.com,Pass@123
nftest1694@proechoes.com,Pass@123
nftest1695@proechoes.com,Pass@123
nftest1696@proechoes.com,Pass@123
nftest1697@proechoes.com,Pass@123
nftest1698@proechoes.com,Pass@123
nftest1699@proechoes.com,Pass@123
nftest1700@proechoes.com,Pass@123
nftest1701@proechoes.com,Pass@123
nftest1702@proechoes.com,Pass@123
nftest1703@proechoes.com,Pass@123
nftest1704@proechoes.com,Pass@123
nftest1705@proechoes.com,Pass@123
nftest1706@proechoes.com,Pass@123
nftest1707@proechoes.com,Pass@123
nftest1708@proechoes.com,Pass@123
nftest1709@proechoes.com,Pass@123
nftest1710@proechoes.com,Pass@123
nftest1711@proechoes.com,Pass@123
nftest1712@proechoes.com,Pass@123
nftest1713@proechoes.com,Pass@123
nftest1714@proechoes.com,Pass@123
nftest1715@proechoes.com,Pass@123
nftest1716@proechoes.com,Pass@123
nftest1717@proechoes.com,Pass@123
nftest1718@proechoes.com,Pass@123
nftest1719@proechoes.com,Pass@123
nftest1720@proechoes.com,Pass@123
nftest1721@proechoes.com,Pass@123
nftest1722@proechoes.com,Pass@123
nftest1723@proechoes.com,Pass@123
nftest1724@proechoes.com,Pass@123
nftest1725@proechoes.com,Pass@123
nftest1726@proechoes.com,Pass@123
nftest1727@proechoes.com,Pass@123
nftest1728@proechoes.com,Pass@123
nftest1729@proechoes.com,Pass@123
nftest1730@proechoes.com,Pass@123
nftest1731@proechoes.com,Pass@123
nftest1732@proechoes.com,Pass@123
nftest1733@proechoes.com,Pass@123
nftest1734@proechoes.com,Pass@123
nftest1735@proechoes.com,Pass@123
nftest1736@proechoes.com,Pass@123
nftest1737@proechoes.com,Pass@123
nftest1738@proechoes.com,Pass@123
nftest1739@proechoes.com,Pass@123
nftest1740@proechoes.com,Pass@123
nftest1741@proechoes.com,Pass@123
nftest1742@proechoes.com,Pass@123
nftest1743@proechoes.com,Pass@123
nftest1744@proechoes.com,Pass@123
nftest1745@proechoes.com,Pass@123
nftest1746@proechoes.com,Pass@123
nftest1747@proechoes.com,Pass@123
nftest1748@proechoes.com,Pass@123
nftest1749@proechoes.com,Pass@123
nftest1750@proechoes.com,Pass@123
nftest1751@proechoes.com,Pass@123
nftest1752@proechoes.com,Pass@123
nftest1753@proechoes.com,Pass@123
nftest1754@proechoes.com,Pass@123
nftest1755@proechoes.com,Pass@123
nftest1756@proechoes.com,Pass@123
nftest1757@proechoes.com,Pass@123
nftest1758@proechoes.com,Pass@123
nftest1759@proechoes.com,Pass@123
nftest1760@proechoes.com,Pass@123
nftest1761@proechoes.com,Pass@123
nftest1762@proechoes.com,Pass@123
nftest1763@proechoes.com,Pass@123
nftest1764@proechoes.com,Pass@123
nftest1765@proechoes.com,Pass@123
nftest1766@proechoes.com,Pass@123
nftest1767@proechoes.com,Pass@123
nftest1768@proechoes.com,Pass@123
nftest1769@proechoes.com,Pass@123
nftest1770@proechoes.com,Pass@123
nftest1771@proechoes.com,Pass@123
nftest1772@proechoes.com,Pass@123
nftest1773@proechoes.com,Pass@123
nftest1774@proechoes.com,Pass@123
nftest1775@proechoes.com,Pass@123
nftest1776@proechoes.com,Pass@123
nftest1777@proechoes.com,Pass@123
nftest1778@proechoes.com,Pass@123
nftest1779@proechoes.com,Pass@123
nftest1780@proechoes.com,Pass@123
nftest1781@proechoes.com,Pass@123
nftest1782@proechoes.com,Pass@123
nftest1783@proechoes.com,Pass@123
nftest1784@proechoes.com,Pass@123
nftest1785@proechoes.com,Pass@123
nftest1786@proechoes.com,Pass@123
nftest1787@proechoes.com,Pass@123
nftest1788@proechoes.com,Pass@123
nftest1789@proechoes.com,Pass@123
nftest1790@proechoes.com,Pass@123
nftest1791@proechoes.com,Pass@123
nftest1792@proechoes.com,Pass@123
nftest1793@proechoes.com,Pass@123
nftest1794@proechoes.com,Pass@123
nftest1795@proechoes.com,Pass@123
nftest1796@proechoes.com,Pass@123
nftest1797@proechoes.com,Pass@123
nftest1798@proechoes.com,Pass@123
nftest1799@proechoes.com,Pass@123
nftest1800@proechoes.com,Pass@123
nftest1801@proechoes.com,Pass@123
nftest1802@proechoes.com,Pass@123
nftest1803@proechoes.com,Pass@123
nftest1804@proechoes.com,Pass@123
nftest1805@proechoes.com,Pass@123
nftest1806@proechoes.com,Pass@123
nftest1807@proechoes.com,Pass@123
nftest1808@proechoes.com,Pass@123
nftest1809@proechoes.com,Pass@123
nftest1810@proechoes.com,Pass@123
nftest1811@proechoes.com,Pass@123
nftest1812@proechoes.com,Pass@123
nftest1813@proechoes.com,Pass@123
nftest1814@proechoes.com,Pass@123
nftest1815@proechoes.com,Pass@123
nftest1816@proechoes.com,Pass@123
nftest1817@proechoes.com,Pass@123
nftest1818@proechoes.com,Pass@123
nftest1819@proechoes.com,Pass@123
nftest1820@proechoes.com,Pass@123
nftest1821@proechoes.com,Pass@123
nftest1822@proechoes.com,Pass@123
nftest1823@proechoes.com,Pass@123
nftest1824@proechoes.com,Pass@123
nftest1825@proechoes.com,Pass@123
nftest1826@proechoes.com,Pass@123
nftest1827@proechoes.com,Pass@123
nftest1828@proechoes.com,Pass@123
nftest1829@proechoes.com,Pass@123
nftest1830@proechoes.com,Pass@123
nftest1831@proechoes.com,Pass@123
nftest1832@proechoes.com,Pass@123
nftest1833@proechoes.com,Pass@123
nftest1834@proechoes.com,Pass@123
nftest1835@proechoes.com,Pass@123
nftest1836@proechoes.com,Pass@123
nftest1837@proechoes.com,Pass@123
nftest1838@proechoes.com,Pass@123
nftest1839@proechoes.com,Pass@123
nftest1840@proechoes.com,Pass@123
nftest1841@proechoes.com,Pass@123
nftest1842@proechoes.com,Pass@123
nftest1843@proechoes.com,Pass@123
nftest1844@proechoes.com,Pass@123
nftest1845@proechoes.com,Pass@123
nftest1846@proechoes.com,Pass@123
nftest1847@proechoes.com,Pass@123
nftest1848@proechoes.com,Pass@123
nftest1849@proechoes.com,Pass@123
nftest1850@proechoes.com,Pass@123
nftest1851@proechoes.com,Pass@123
nftest1852@proechoes.com,Pass@123
nftest1853@proechoes.com,Pass@123
nftest1854@proechoes.com,Pass@123
nftest1855@proechoes.com,Pass@123
nftest1856@proechoes.com,Pass@123
nftest1857@proechoes.com,Pass@123
nftest1858@proechoes.com,Pass@123
nftest1859@proechoes.com,Pass@123
nftest1860@proechoes.com,Pass@123
nftest1861@proechoes.com,Pass@123
nftest1862@proechoes.com,Pass@123
nftest1863@proechoes.com,Pass@123
nftest1864@proechoes.com,Pass@123
nftest1865@proechoes.com,Pass@123
nftest1866@proechoes.com,Pass@123
nftest1867@proechoes.com,Pass@123
nftest1868@proechoes.com,Pass@123
nftest1869@proechoes.com,Pass@123
nftest1870@proechoes.com,Pass@123
nftest1871@proechoes.com,Pass@123
nftest1872@proechoes.com,Pass@123
nftest1873@proechoes.com,Pass@123
nftest1874@proechoes.com,Pass@123
nftest1875@proechoes.com,Pass@123
nftest1876@proechoes.com,Pass@123
nftest1877@proechoes.com,Pass@123
nftest1878@proechoes.com,Pass@123
nftest1879@proechoes.com,Pass@123
nftest1880@proechoes.com,Pass@123
nftest1881@proechoes.com,Pass@123
nftest1882@proechoes.com,Pass@123
nftest1883@proechoes.com,Pass@123
nftest1884@proechoes.com,Pass@123
nftest1885@proechoes.com,Pass@123
nftest1886@proechoes.com,Pass@123
nftest1887@proechoes.com,Pass@123
nftest1888@proechoes.com,Pass@123
nftest1889@proechoes.com,Pass@123
nftest1890@proechoes.com,Pass@123
nftest1891@proechoes.com,Pass@123
nftest1892@proechoes.com,Pass@123
nftest1893@proechoes.com,Pass@123
nftest1894@proechoes.com,Pass@123
nftest1895@proechoes.com,Pass@123
nftest1896@proechoes.com,Pass@123
nftest1897@proechoes.com,Pass@123
nftest1898@proechoes.com,Pass@123
nftest1899@proechoes.com,Pass@123
nftest1900@proechoes.com,Pass@123
nftest1901@proechoes.com,Pass@123
nftest1902@proechoes.com,Pass@123
nftest1903@proechoes.com,Pass@123
nftest1904@proechoes.com,Pass@123
nftest1905@proechoes.com,Pass@123
nftest1906@proechoes.com,Pass@123
nftest1907@proechoes.com,Pass@123
nftest1908@proechoes.com,Pass@123
nftest1909@proechoes.com,Pass@123
nftest1910@proechoes.com,Pass@123
nftest1911@proechoes.com,Pass@123
nftest1912@proechoes.com,Pass@123
nftest1913@proechoes.com,Pass@123
nftest1914@proechoes.com,Pass@123
nftest1915@proechoes.com,Pass@123
nftest1916@proechoes.com,Pass@123
nftest1917@proechoes.com,Pass@123
nftest1918@proechoes.com,Pass@123
nftest1919@proechoes.com,Pass@123
nftest1920@proechoes.com,Pass@123
nftest1921@proechoes.com,Pass@123
nftest1922@proechoes.com,Pass@123
nftest1923@proechoes.com,Pass@123
nftest1924@proechoes.com,Pass@123
nftest1925@proechoes.com,Pass@123
nftest1926@proechoes.com,Pass@123
nftest1927@proechoes.com,Pass@123
nftest1928@proechoes.com,Pass@123
nftest1929@proechoes.com,Pass@123
nftest1930@proechoes.com,Pass@123
nftest1931@proechoes.com,Pass@123
nftest1932@proechoes.com,Pass@123
nftest1933@proechoes.com,Pass@123
nftest1934@proechoes.com,Pass@123
nftest1935@proechoes.com,Pass@123
nftest1936@proechoes.com,Pass@123
nftest1937@proechoes.com,Pass@123
nftest1938@proechoes.com,Pass@123
nftest1939@proechoes.com,Pass@123
nftest1940@proechoes.com,Pass@123
nftest1941@proechoes.com,Pass@123
nftest1942@proechoes.com,Pass@123
nftest1943@proechoes.com,Pass@123
nftest1944@proechoes.com,Pass@123
nftest1945@proechoes.com,Pass@123
nftest1946@proechoes.com,Pass@123
nftest1947@proechoes.com,Pass@123
nftest1948@proechoes.com,Pass@123
nftest1949@proechoes.com,Pass@123
nftest1950@proechoes.com,Pass@123
nftest1951@proechoes.com,Pass@123
nftest1952@proechoes.com,Pass@123
nftest1953@proechoes.com,Pass@123
nftest1954@proechoes.com,Pass@123
nftest1955@proechoes.com,Pass@123
nftest1956@proechoes.com,Pass@123
nftest1957@proechoes.com,Pass@123
nftest1958@proechoes.com,Pass@123
nftest1959@proechoes.com,Pass@123
nftest1960@proechoes.com,Pass@123
nftest1961@proechoes.com,Pass@123
nftest1962@proechoes.com,Pass@123
nftest1963@proechoes.com,Pass@123
nftest1964@proechoes.com,Pass@123
nftest1965@proechoes.com,Pass@123
nftest1966@proechoes.com,Pass@123
nftest1967@proechoes.com,Pass@123
nftest1968@proechoes.com,Pass@123
nftest1969@proechoes.com,Pass@123
nftest1970@proechoes.com,Pass@123
nftest1971@proechoes.com,Pass@123
nftest1972@proechoes.com,Pass@123
nftest1973@proechoes.com,Pass@123
nftest1974@proechoes.com,Pass@123
nftest1975@proechoes.com,Pass@123
nftest1976@proechoes.com,Pass@123
nftest1977@proechoes.com,Pass@123
nftest1978@proechoes.com,Pass@123
nftest1979@proechoes.com,Pass@123
nftest1980@proechoes.com,Pass@123
nftest1981@proechoes.com,Pass@123
nftest1982@proechoes.com,Pass@123
nftest1983@proechoes.com,Pass@123
nftest1984@proechoes.com,Pass@123
nftest1985@proechoes.com,Pass@123
nftest1986@proechoes.com,Pass@123
nftest1987@proechoes.com,Pass@123
nftest1988@proechoes.com,Pass@123
nftest1989@proechoes.com,Pass@123
nftest1990@proechoes.com,Pass@123
nftest1991@proechoes.com,Pass@123
nftest1992@proechoes.com,Pass@123
nftest1993@proechoes.com,Pass@123
nftest1994@proechoes.com,Pass@123
nftest1995@proechoes.com,Pass@123
nftest1996@proechoes.com,Pass@123
nftest1997@proechoes.com,Pass@123
nftest1998@proechoes.com,Pass@123
nftest1999@proechoes.com,Pass@123
